aaronmitchell@yahoo.ca|Aaron Mitchell|1|Rock
alero@uol.com.br|Alexandre Rocha|1|Rock
astrid.gruber@apple.at|Astrid Gruber|1|Rock
bjorn.hansen@yahoo.no|Bjørn Hansen|1|Rock
camille.bernard@yahoo.fr|Camille Bernard|1|Rock
daan_peeters@apple.be|Daan Peeters|1|Rock
diego.gutierrez@yahoo.ar|Diego Gutiérrez|1|Rock
dmiller@comcast.com|Dan Miller|1|Rock
dominiquelefebvre@gmail.com|Dominique Lefebvre|1|Rock
edfrancis@yachoo.ca|Edward Francis|1|Rock
eduardo@woodstock.com.br|Eduardo Martins|1|Rock
ellie.sullivan@shaw.ca|Ellie Sullivan|1|Rock
emma_jones@hotmail.com|Emma Jones|1|Rock
enrique_munoz@yahoo.es|Enrique Muñoz|1|Rock
fernadaramos4@uol.com.br|Fernanda Ramos|1|Rock
fharris@google.com|Frank Harris|1|Rock
fralston@gmail.com|Frank Ralston|1|Rock
frantisekw@jetbrains.com|František Wichterlová|1|Rock
ftremblay@gmail.com|François Tremblay|1|Rock
fzimmermann@yahoo.de|Fynn Zimmermann|1|Rock
hannah.schneider@yahoo.de|Hannah Schneider|1|Rock
hholy@gmail.com|Helena Holý|1|Rock
hleacock@gmail.com|Heather Leacock|1|Rock
hughoreilly@apple.ie|Hugh O'Reilly|1|Rock
isabelle_mercier@apple.fr|Isabelle Mercier|1|Rock
jacksmith@microsoft.com|Jack Smith|1|Rock
jenniferp@rogers.ca|Jennifer Peterson|1|Rock
jfernandes@yahoo.pt|João Fernandes|1|Rock
joakim.johansson@yahoo.se|Joakim Johansson|1|Rock
johavanderberg@yahoo.nl|Johannes Van der Berg|1|Rock
johngordon22@yahoo.com|John Gordon|1|Rock
jubarnett@gmail.com|Julia Barnett|1|Rock
kachase@hotmail.com|Kathy Chase|1|Rock
kara.nielsen@jubii.dk|Kara Nielsen|1|Rock
ladislav_kovacs@apple.hu|Ladislav Kovács|1|Rock
leonekohler@surfeu.de|Leonie Köhler|1|Rock
lucas.mancini@yahoo.it|Lucas Mancini|1|Rock
luisg@embraer.com.br|Luís Gonçalves|1|Rock
luisrojas@yahoo.cl|Luis Rojas|1|Rock
manoj.pareek@rediff.com|Manoj Pareek|1|Rock
marc.dubois@hotmail.com|Marc Dubois|1|Rock
mark.taylor@yahoo.au|Mark Taylor|1|Rock
marthasilk@gmail.com|Martha Silk|1|Rock
masampaio@sapo.pt|Madalena Sampaio|1|Rock
michelleb@aol.com|Michelle Brooks|1|Rock
mphilips12@shaw.ca|Mark Philips|1|Rock
nschroder@surfeu.de|Niklas Schröder|1|Rock
patrick.gray@aol.com|Patrick Gray|1|Rock
phil.hughes@gmail.com|Phil Hughes|1|Rock
puja_srivastava@yahoo.in|Puja Srivastava|1|Rock
ricunningham@hotmail.com|Richard Cunningham|1|Rock
robbrown@shaw.ca|Robert Brown|1|Rock
roberto.almeida@riotur.gov.br|Roberto Almeida|1|Rock
stanisław.wójcik@wp.pl|Stanisław Wójcik|1|Rock
steve.murray@yahoo.uk|Steve Murray|1|Rock
terhi.hamalainen@apple.fi|Terhi Hämäläinen|1|Rock
tgoyer@apple.com|Tim Goyer|1|Rock
vstevens@yahoo.com|Victor Stevens|1|Rock
wyatt.girard@yahoo.fr|Wyatt Girard|1|Rock
